Индекс,Исходное,Норм. вручную,Норм. sklearn,Разница,Масшт. вручную,Масшт. sklearn,Разница
0,3962.000000,0.244568,0.244568,0.000000,4.411628,4.411628,0.000000
1,774.000000,0.047778,0.047778,0.000000,0.351735,0.351735,0.000000
2,1734.000000,0.107037,0.107037,0.000000,1.574288,1.574288,0.000000
3,1016.000000,0.062716,0.062716,0.000000,0.659920,0.659920,0.000000
4,2463.000000,0.152037,0.152037,0.000000,2.502663,2.502663,0.000000
5,436.000000,0.026914,0.026914,0.000000,-0.078705,-0.078705,0.000000
6,214.000000,0.013210,0.013210,0.000000,-0.361420,-0.361420,0.000000
7,402.000000,0.024815,0.024815,0.000000,-0.122004,-0.122004,0.000000
8,363.000000,0.022407,0.022407,0.000000,-0.171670,-0.171670,0.000000
9,490.000000,0.030247,0.030247,0.000000,-0.009936,-0.009936,0.000000
10,232.000000,0.014321,0.014321,0.000000,-0.338497,-0.338497,0.000000
11,686.000000,0.042346,0.042346,0.000000,0.239668,0.239668,0.000000
12,569.000000,0.035123,0.035123,0.000000,0.090670,0.090670,0.000000
13,2389.000000,0.147469,0.147469,0.000000,2.408425,2.408425,0.000000
14,2899.000000,0.178951,0.178951,0.000000,3.057906,3.057906,0.000000
15,381.000000,0.023519,0.023519,0.000000,-0.148747,-0.148747,0.000000
16,661.000000,0.040802,0.040802,0.000000,0.207831,0.207831,0.000000
17,2672.000000,0.164938,0.164938,0.000000,2.768823,2.768823,0.000000
18,457.000000,0.028210,0.028210,0.000000,-0.051962,-0.051962,0.000000
19,278.000000,0.017160,0.017160,0.000000,-0.279917,-0.279917,0.000000
20,747.000000,0.046111,0.046111,0.000000,0.317351,0.317351,0.000000
21,725.000000,0.044753,0.044753,0.000000,0.289334,0.289334,0.000000
22,16200.000000,1.000000,1.000000,0.000000,19.996624,19.996624,0.000000
23,804.000000,0.049630,0.049630,0.000000,0.389940,0.389940,0.000000
24,944.000000,0.058272,0.058272,0.000000,0.568229,0.568229,0.000000
25,587.000000,0.036235,0.036235,0.000000,0.113592,0.113592,0.000000
26,1593.000000,0.098333,0.098333,0.000000,1.394725,1.394725,0.000000
27,856.000000,0.052840,0.052840,0.000000,0.456162,0.456162,0.000000
28,1017.000000,0.062778,0.062778,0.000000,0.661194,0.661194,0.000000
29,303.000000,0.018704,0.018704,0.000000,-0.248079,-0.248079,0.000000
30,471.000000,0.029074,0.029074,0.000000,-0.034133,-0.034133,0.000000
31,242.000000,0.014938,0.014938,0.000000,-0.325762,-0.325762,0.000000
32,779.000000,0.048086,0.048086,0.000000,0.358103,0.358103,0.000000
33,3302.000000,0.203827,0.203827,0.000000,3.571123,3.571123,0.000000
34,1128.000000,0.069630,0.069630,0.000000,0.802552,0.802552,0.000000
35,93.000000,0.005741,0.005741,0.000000,-0.515513,-0.515513,0.000000
36,274.000000,0.016914,0.016914,0.000000,-0.285011,-0.285011,0.000000
37,868.000000,0.053580,0.053580,0.000000,0.471444,0.471444,0.000000
38,1431.000000,0.088333,0.088333,0.000000,1.188420,1.188420,0.000000
39,360.000000,0.022222,0.022222,0.000000,-0.175490,-0.175490,0.000000
40,154.000000,0.009506,0.009506,0.000000,-0.437830,-0.437830,0.000000
41,874.000000,0.053951,0.053951,0.000000,0.479085,0.479085,0.000000
42,467.000000,0.028827,0.028827,0.000000,-0.039227,-0.039227,0.000000
43,209.000000,0.012901,0.012901,0.000000,-0.367788,-0.367788,0.000000
44,908.000000,0.056049,0.056049,0.000000,0.522383,0.522383,0.000000
45,1120.000000,0.069136,0.069136,0.000000,0.792364,0.792364,0.000000
46,193.000000,0.011914,0.011914,0.000000,-0.388163,-0.388163,0.000000
47,228.000000,0.014074,0.014074,0.000000,-0.343591,-0.343591,0.000000
48,399.000000,0.024630,0.024630,0.000000,-0.125824,-0.125824,0.000000
49,391.000000,0.024136,0.024136,0.000000,-0.136012,-0.136012,0.000000
50,751.000000,0.046358,0.046358,0.000000,0.322445,0.322445,0.000000
51,1127.000000,0.069568,0.069568,0.000000,0.801278,0.801278,0.000000
52,873.000000,0.053889,0.053889,0.000000,0.477811,0.477811,0.000000
53,1133.000000,0.069938,0.069938,0.000000,0.808919,0.808919,0.000000
54,246.000000,0.015185,0.015185,0.000000,-0.320668,-0.320668,0.000000
55,1449.000000,0.089444,0.089444,0.000000,1.211343,1.211343,0.000000
56,1522.000000,0.093951,0.093951,0.000000,1.304307,1.304307,0.000000
57,1148.000000,0.070864,0.070864,0.000000,0.828021,0.828021,0.000000
58,380.000000,0.023457,0.023457,0.000000,-0.150020,-0.150020,0.000000
59,503.000000,0.031049,0.031049,0.000000,0.006619,0.006619,0.000000
60,579.000000,0.035741,0.035741,0.000000,0.103404,0.103404,0.000000
61,1550.000000,0.095679,0.095679,0.000000,1.339965,1.339965,0.000000
62,1528.000000,0.094321,0.094321,0.000000,1.311948,1.311948,0.000000
63,579.000000,0.035741,0.035741,0.000000,0.103404,0.103404,0.000000
64,1520.000000,0.093827,0.093827,0.000000,1.301760,1.301760,0.000000
65,333.000000,0.020556,0.020556,0.000000,-0.209875,-0.209875,0.000000
66,496.000000,0.030617,0.030617,0.000000,-0.002295,-0.002295,0.000000
67,1578.000000,0.097407,0.097407,0.000000,1.375623,1.375623,0.000000
68,344.000000,0.021235,0.021235,0.000000,-0.195866,-0.195866,0.000000
69,452.000000,0.027901,0.027901,0.000000,-0.058329,-0.058329,0.000000
70,1359.000000,0.083889,0.083889,0.000000,1.096728,1.096728,0.000000
71,733.000000,0.045247,0.045247,0.000000,0.299522,0.299522,0.000000
72,558.000000,0.034444,0.034444,0.000000,0.076661,0.076661,0.000000
73,428.000000,0.026420,0.026420,0.000000,-0.088893,-0.088893,0.000000
74,261.000000,0.016111,0.016111,0.000000,-0.301566,-0.301566,0.000000
75,1028.000000,0.063457,0.063457,0.000000,0.675202,0.675202,0.000000
76,911.000000,0.056235,0.056235,0.000000,0.526204,0.526204,0.000000
77,567.000000,0.035000,0.035000,0.000000,0.088123,0.088123,0.000000
78,1078.000000,0.066543,0.066543,0.000000,0.738877,0.738877,0.000000
79,132.000000,0.008148,0.008148,0.000000,-0.465846,-0.465846,0.000000
80,768.000000,0.047407,0.047407,0.000000,0.344094,0.344094,0.000000
81,954.000000,0.058889,0.058889,0.000000,0.580964,0.580964,0.000000
82,239.000000,0.014753,0.014753,0.000000,-0.329583,-0.329583,0.000000
83,423.000000,0.026111,0.026111,0.000000,-0.095260,-0.095260,0.000000
84,396.000000,0.024444,0.024444,0.000000,-0.129645,-0.129645,0.000000
85,335.000000,0.020679,0.020679,0.000000,-0.207328,-0.207328,0.000000
86,835.000000,0.051543,0.051543,0.000000,0.429418,0.429418,0.000000
87,378.000000,0.023333,0.023333,0.000000,-0.152567,-0.152567,0.000000
88,151.000000,0.009321,0.009321,0.000000,-0.441650,-0.441650,0.000000
89,1281.000000,0.079074,0.079074,0.000000,0.997396,0.997396,0.000000
90,251.000000,0.015494,0.015494,0.000000,-0.314301,-0.314301,0.000000
91,633.000000,0.039074,0.039074,0.000000,0.172173,0.172173,0.000000
92,392.000000,0.024198,0.024198,0.000000,-0.134739,-0.134739,0.000000
93,1286.000000,0.079383,0.079383,0.000000,1.003763,1.003763,0.000000
94,267.000000,0.016481,0.016481,0.000000,-0.293925,-0.293925,0.000000
95,1156.000000,0.071358,0.071358,0.000000,0.838209,0.838209,0.000000
96,346.000000,0.021358,0.021358,0.000000,-0.193319,-0.193319,0.000000
97,1991.000000,0.122901,0.122901,0.000000,1.901575,1.901575,0.000000
98,636.000000,0.039259,0.039259,0.000000,0.175994,0.175994,0.000000
99,623.000000,0.038457,0.038457,0.000000,0.159438,0.159438,0.000000
100,310.000000,0.019136,0.019136,0.000000,-0.239165,-0.239165,0.000000
101,822.000000,0.050741,0.050741,0.000000,0.412863,0.412863,0.000000
102,641.000000,0.039568,0.039568,0.000000,0.182361,0.182361,0.000000
103,579.000000,0.035741,0.035741,0.000000,0.103404,0.103404,0.000000
104,81.000000,0.005000,0.005000,0.000000,-0.530795,-0.530795,0.000000
105,470.000000,0.029012,0.029012,0.000000,-0.035406,-0.035406,0.000000
106,98.000000,0.006049,0.006049,0.000000,-0.509145,-0.509145,0.000000
107,2486.000000,0.153457,0.153457,0.000000,2.531954,2.531954,0.000000
108,679.000000,0.041914,0.041914,0.000000,0.230754,0.230754,0.000000
109,1016.000000,0.062716,0.062716,0.000000,0.659920,0.659920,0.000000
110,84.000000,0.005185,0.005185,0.000000,-0.526974,-0.526974,0.000000
111,407.000000,0.025123,0.025123,0.000000,-0.115636,-0.115636,0.000000
112,141.000000,0.008704,0.008704,0.000000,-0.454385,-0.454385,0.000000
113,109.000000,0.006728,0.006728,0.000000,-0.495137,-0.495137,0.000000
114,80.000000,0.004938,0.004938,0.000000,-0.532068,-0.532068,0.000000
115,60.000000,0.003704,0.003704,0.000000,-0.557538,-0.557538,0.000000
116,772.000000,0.047654,0.047654,0.000000,0.349188,0.349188,0.000000
117,762.000000,0.047037,0.047037,0.000000,0.336454,0.336454,0.000000
118,1413.000000,0.087222,0.087222,0.000000,1.165497,1.165497,0.000000
119,463.000000,0.028580,0.028580,0.000000,-0.044321,-0.044321,0.000000
120,14.000000,0.000864,0.000864,0.000000,-0.616119,-0.616119,0.000000
121,670.000000,0.041358,0.041358,0.000000,0.219292,0.219292,0.000000
122,329.000000,0.020309,0.020309,0.000000,-0.214969,-0.214969,0.000000
123,193.000000,0.011914,0.011914,0.000000,-0.388163,-0.388163,0.000000
124,405.000000,0.025000,0.025000,0.000000,-0.118183,-0.118183,0.000000
125,402.000000,0.024815,0.024815,0.000000,-0.122004,-0.122004,0.000000
126,728.000000,0.044938,0.044938,0.000000,0.293155,0.293155,0.000000
127,232.000000,0.014321,0.014321,0.000000,-0.338497,-0.338497,0.000000
128,469.000000,0.028951,0.028951,0.000000,-0.036680,-0.036680,0.000000
129,571.000000,0.035247,0.035247,0.000000,0.093217,0.093217,0.000000
130,145.000000,0.008951,0.008951,0.000000,-0.449291,-0.449291,0.000000
131,409.000000,0.025247,0.025247,0.000000,-0.113089,-0.113089,0.000000
132,98.000000,0.006049,0.006049,0.000000,-0.509145,-0.509145,0.000000
133,255.000000,0.015741,0.015741,0.000000,-0.309207,-0.309207,0.000000
134,175.000000,0.010802,0.010802,0.000000,-0.411086,-0.411086,0.000000
135,62.000000,0.003827,0.003827,0.000000,-0.554991,-0.554991,0.000000
136,220.000000,0.013580,0.013580,0.000000,-0.353779,-0.353779,0.000000
137,66.000000,0.004074,0.004074,0.000000,-0.549897,-0.549897,0.000000
138,79.000000,0.004877,0.004877,0.000000,-0.533342,-0.533342,0.000000
139,334.000000,0.020617,0.020617,0.000000,-0.208601,-0.208601,0.000000
140,44.000000,0.002716,0.002716,0.000000,-0.577914,-0.577914,0.000000
141,332.000000,0.020494,0.020494,0.000000,-0.211148,-0.211148,0.000000
142,1163.000000,0.071790,0.071790,0.000000,0.847124,0.847124,0.000000
143,2896.000000,0.178765,0.178765,0.000000,3.054086,3.054086,0.000000
144,813.000000,0.050185,0.050185,0.000000,0.401402,0.401402,0.000000
145,389.000000,0.024012,0.024012,0.000000,-0.138559,-0.138559,0.000000
146,340.000000,0.020988,0.020988,0.000000,-0.200960,-0.200960,0.000000
147,1458.000000,0.090000,0.090000,0.000000,1.222804,1.222804,0.000000
148,877.000000,0.054136,0.054136,0.000000,0.482905,0.482905,0.000000
149,437.000000,0.026975,0.026975,0.000000,-0.077431,-0.077431,0.000000
150,106.000000,0.006543,0.006543,0.000000,-0.498957,-0.498957,0.000000
151,365.000000,0.022531,0.022531,0.000000,-0.169123,-0.169123,0.000000
152,124.000000,0.007654,0.007654,0.000000,-0.476034,-0.476034,0.000000
153,230.000000,0.014198,0.014198,0.000000,-0.341044,-0.341044,0.000000
154,1116.000000,0.068889,0.068889,0.000000,0.787270,0.787270,0.000000
155,1727.000000,0.106605,0.106605,0.000000,1.565373,1.565373,0.000000
156,188.000000,0.011605,0.011605,0.000000,-0.394531,-0.394531,0.000000
157,318.000000,0.019630,0.019630,0.000000,-0.228977,-0.228977,0.000000
158,337.000000,0.020802,0.020802,0.000000,-0.204781,-0.204781,0.000000
159,101.000000,0.006235,0.006235,0.000000,-0.505325,-0.505325,0.000000
160,1535.000000,0.094753,0.094753,0.000000,1.320863,1.320863,0.000000
161,999.000000,0.061667,0.061667,0.000000,0.638271,0.638271,0.000000
162,2003.000000,0.123642,0.123642,0.000000,1.916857,1.916857,0.000000
163,80.000000,0.004938,0.004938,0.000000,-0.532068,-0.532068,0.000000
164,530.000000,0.032716,0.032716,0.000000,0.041003,0.041003,0.000000
165,182.000000,0.011235,0.011235,0.000000,-0.402172,-0.402172,0.000000
166,1852.000000,0.114321,0.114321,0.000000,1.724560,1.724560,0.000000
167,124.000000,0.007654,0.007654,0.000000,-0.476034,-0.476034,0.000000
168,99.000000,0.006111,0.006111,0.000000,-0.507872,-0.507872,0.000000
169,835.000000,0.051543,0.051543,0.000000,0.429418,0.429418,0.000000
170,417.000000,0.025741,0.025741,0.000000,-0.102901,-0.102901,0.000000
171,47.000000,0.002901,0.002901,0.000000,-0.574093,-0.574093,0.000000
172,285.000000,0.017593,0.017593,0.000000,-0.271002,-0.271002,0.000000
173,115.000000,0.007099,0.007099,0.000000,-0.487496,-0.487496,0.000000
174,251.000000,0.015494,0.015494,0.000000,-0.314301,-0.314301,0.000000
175,157.000000,0.009691,0.009691,0.000000,-0.434009,-0.434009,0.000000
176,362.000000,0.022346,0.022346,0.000000,-0.172943,-0.172943,0.000000
177,1255.000000,0.077469,0.077469,0.000000,0.964285,0.964285,0.000000
178,109.000000,0.006728,0.006728,0.000000,-0.495137,-0.495137,0.000000
179,374.000000,0.023086,0.023086,0.000000,-0.157661,-0.157661,0.000000
180,183.000000,0.011296,0.011296,0.000000,-0.400898,-0.400898,0.000000
181,692.000000,0.042716,0.042716,0.000000,0.247309,0.247309,0.000000
182,1910.000000,0.117901,0.117901,0.000000,1.798422,1.798422,0.000000
183,787.000000,0.048580,0.048580,0.000000,0.368291,0.368291,0.000000
184,950.000000,0.058642,0.058642,0.000000,0.575870,0.575870,0.000000
185,340.000000,0.020988,0.020988,0.000000,-0.200960,-0.200960,0.000000
186,586.000000,0.036173,0.036173,0.000000,0.112319,0.112319,0.000000
187,74.000000,0.004568,0.004568,0.000000,-0.539709,-0.539709,0.000000
188,112.000000,0.006914,0.006914,0.000000,-0.491316,-0.491316,0.000000
189,308.000000,0.019012,0.019012,0.000000,-0.241712,-0.241712,0.000000
190,197.000000,0.012160,0.012160,0.000000,-0.383070,-0.383070,0.000000
191,945.000000,0.058333,0.058333,0.000000,0.569503,0.569503,0.000000
192,693.000000,0.042778,0.042778,0.000000,0.248583,0.248583,0.000000
193,678.000000,0.041852,0.041852,0.000000,0.229480,0.229480,0.000000
194,248.000000,0.015309,0.015309,0.000000,-0.318121,-0.318121,0.000000
195,399.000000,0.024630,0.024630,0.000000,-0.125824,-0.125824,0.000000
196,45.000000,0.002778,0.002778,0.000000,-0.576640,-0.576640,0.000000
197,155.000000,0.009568,0.009568,0.000000,-0.436556,-0.436556,0.000000
198,73.000000,0.004506,0.004506,0.000000,-0.540983,-0.540983,0.000000
199,316.000000,0.019506,0.019506,0.000000,-0.231524,-0.231524,0.000000
200,370.000000,0.022840,0.022840,0.000000,-0.162755,-0.162755,0.000000
201,151.000000,0.009321,0.009321,0.000000,-0.441650,-0.441650,0.000000
202,996.000000,0.061481,0.061481,0.000000,0.634451,0.634451,0.000000
203,1230.000000,0.075926,0.075926,0.000000,0.932448,0.932448,0.000000
204,955.000000,0.058951,0.058951,0.000000,0.582237,0.582237,0.000000
205,653.000000,0.040309,0.040309,0.000000,0.197643,0.197643,0.000000
206,674.000000,0.041605,0.041605,0.000000,0.224386,0.224386,0.000000
207,1020.000000,0.062963,0.062963,0.000000,0.665014,0.665014,0.000000
208,965.000000,0.059568,0.059568,0.000000,0.594972,0.594972,0.000000
209,775.000000,0.047840,0.047840,0.000000,0.353009,0.353009,0.000000
210,1089.000000,0.067222,0.067222,0.000000,0.752885,0.752885,0.000000
211,498.000000,0.030741,0.030741,0.000000,0.000252,0.000252,0.000000
212,688.000000,0.042469,0.042469,0.000000,0.242215,0.242215,0.000000
213,716.000000,0.044198,0.044198,0.000000,0.277873,0.277873,0.000000
214,272.000000,0.016790,0.016790,0.000000,-0.287558,-0.287558,0.000000
215,1168.000000,0.072099,0.072099,0.000000,0.853491,0.853491,0.000000
216,3367.000000,0.207840,0.207840,0.000000,3.653900,3.653900,0.000000
217,489.000000,0.030185,0.030185,0.000000,-0.011210,-0.011210,0.000000
218,52.000000,0.003210,0.003210,0.000000,-0.567726,-0.567726,0.000000
219,641.000000,0.039568,0.039568,0.000000,0.182361,0.182361,0.000000
220,456.000000,0.028148,0.028148,0.000000,-0.053235,-0.053235,0.000000
221,275.000000,0.016975,0.016975,0.000000,-0.283737,-0.283737,0.000000
222,712.000000,0.043951,0.043951,0.000000,0.272779,0.272779,0.000000
223,310.000000,0.019136,0.019136,0.000000,-0.239165,-0.239165,0.000000
224,396.000000,0.024444,0.024444,0.000000,-0.129645,-0.129645,0.000000
225,370.000000,0.022840,0.022840,0.000000,-0.162755,-0.162755,0.000000
226,322.000000,0.019877,0.019877,0.000000,-0.223883,-0.223883,0.000000
227,192.000000,0.011852,0.011852,0.000000,-0.389437,-0.389437,0.000000
228,358.000000,0.022099,0.022099,0.000000,-0.178037,-0.178037,0.000000
229,672.000000,0.041481,0.041481,0.000000,0.221839,0.221839,0.000000
230,508.000000,0.031358,0.031358,0.000000,0.012987,0.012987,0.000000
231,167.000000,0.010309,0.010309,0.000000,-0.421274,-0.421274,0.000000
232,1239.000000,0.076481,0.076481,0.000000,0.943909,0.943909,0.000000
233,1074.000000,0.066296,0.066296,0.000000,0.733783,0.733783,0.000000
234,100.000000,0.006173,0.006173,0.000000,-0.506598,-0.506598,0.000000
235,256.000000,0.015802,0.015802,0.000000,-0.307933,-0.307933,0.000000
236,148.000000,0.009136,0.009136,0.000000,-0.445471,-0.445471,0.000000
237,4297.000000,0.265247,0.265247,0.000000,4.838248,4.838248,0.000000
238,458.000000,0.028272,0.028272,0.000000,-0.050688,-0.050688,0.000000
239,448.000000,0.027654,0.027654,0.000000,-0.063423,-0.063423,0.000000
240,463.000000,0.028580,0.028580,0.000000,-0.044321,-0.044321,0.000000
241,70.000000,0.004321,0.004321,0.000000,-0.544803,-0.544803,0.000000
242,814.000000,0.050247,0.050247,0.000000,0.402675,0.402675,0.000000
243,291.000000,0.017963,0.017963,0.000000,-0.263361,-0.263361,0.000000
244,579.000000,0.035741,0.035741,0.000000,0.103404,0.103404,0.000000
245,503.000000,0.031049,0.031049,0.000000,0.006619,0.006619,0.000000
246,1583.000000,0.097716,0.097716,0.000000,1.381990,1.381990,0.000000
247,68.000000,0.004198,0.004198,0.000000,-0.547350,-0.547350,0.000000
248,257.000000,0.015864,0.015864,0.000000,-0.306660,-0.306660,0.000000
249,191.000000,0.011790,0.011790,0.000000,-0.390710,-0.390710,0.000000
250,39.000000,0.002407,0.002407,0.000000,-0.584281,-0.584281,0.000000
251,572.000000,0.035309,0.035309,0.000000,0.094490,0.094490,0.000000
252,187.000000,0.011543,0.011543,0.000000,-0.395804,-0.395804,0.000000
253,611.000000,0.037716,0.037716,0.000000,0.144156,0.144156,0.000000
254,857.000000,0.052901,0.052901,0.000000,0.457435,0.457435,0.000000
255,77.000000,0.004753,0.004753,0.000000,-0.535889,-0.535889,0.000000
256,764.000000,0.047160,0.047160,0.000000,0.339000,0.339000,0.000000
257,360.000000,0.022222,0.022222,0.000000,-0.175490,-0.175490,0.000000
258,189.000000,0.011667,0.011667,0.000000,-0.393257,-0.393257,0.000000
259,261.000000,0.016111,0.016111,0.000000,-0.301566,-0.301566,0.000000
260,210.000000,0.012963,0.012963,0.000000,-0.366514,-0.366514,0.000000
261,1108.000000,0.068395,0.068395,0.000000,0.777082,0.777082,0.000000
262,298.000000,0.018395,0.018395,0.000000,-0.254447,-0.254447,0.000000
263,1266.000000,0.078148,0.078148,0.000000,0.978293,0.978293,0.000000
264,745.000000,0.045988,0.045988,0.000000,0.314804,0.314804,0.000000
265,160.000000,0.009877,0.009877,0.000000,-0.430189,-0.430189,0.000000
266,2663.000000,0.164383,0.164383,0.000000,2.757362,2.757362,0.000000
267,146.000000,0.009012,0.009012,0.000000,-0.448018,-0.448018,0.000000
268,1209.000000,0.074630,0.074630,0.000000,0.905704,0.905704,0.000000
269,765.000000,0.047222,0.047222,0.000000,0.340274,0.340274,0.000000
270,617.000000,0.038086,0.038086,0.000000,0.151797,0.151797,0.000000
271,774.000000,0.047778,0.047778,0.000000,0.351735,0.351735,0.000000
272,216.000000,0.013333,0.013333,0.000000,-0.358873,-0.358873,0.000000
273,69.000000,0.004259,0.004259,0.000000,-0.546076,-0.546076,0.000000
274,463.000000,0.028580,0.028580,0.000000,-0.044321,-0.044321,0.000000
275,670.000000,0.041358,0.041358,0.000000,0.219292,0.219292,0.000000
276,254.000000,0.015679,0.015679,0.000000,-0.310480,-0.310480,0.000000
277,690.000000,0.042593,0.042593,0.000000,0.244762,0.244762,0.000000
278,326.000000,0.020123,0.020123,0.000000,-0.218789,-0.218789,0.000000
279,450.000000,0.027778,0.027778,0.000000,-0.060876,-0.060876,0.000000
280,199.000000,0.012284,0.012284,0.000000,-0.380523,-0.380523,0.000000
281,77.000000,0.004753,0.004753,0.000000,-0.535889,-0.535889,0.000000
282,1172.000000,0.072346,0.072346,0.000000,0.858585,0.858585,0.000000
283,424.000000,0.026173,0.026173,0.000000,-0.093987,-0.093987,0.000000
284,290.000000,0.017901,0.017901,0.000000,-0.264635,-0.264635,0.000000
285,610.000000,0.037654,0.037654,0.000000,0.142883,0.142883,0.000000
286,308.000000,0.019012,0.019012,0.000000,-0.241712,-0.241712,0.000000
287,800.000000,0.049383,0.049383,0.000000,0.384846,0.384846,0.000000
288,430.000000,0.026543,0.026543,0.000000,-0.086346,-0.086346,0.000000
289,227.000000,0.014012,0.014012,0.000000,-0.344865,-0.344865,0.000000
290,300.000000,0.018519,0.018519,0.000000,-0.251900,-0.251900,0.000000
291,1025.000000,0.063272,0.063272,0.000000,0.671382,0.671382,0.000000
292,813.000000,0.050185,0.050185,0.000000,0.401402,0.401402,0.000000
293,270.000000,0.016667,0.016667,0.000000,-0.290105,-0.290105,0.000000
294,268.000000,0.016543,0.016543,0.000000,-0.292652,-0.292652,0.000000
295,153.000000,0.009444,0.009444,0.000000,-0.439103,-0.439103,0.000000
296,1687.000000,0.104136,0.104136,0.000000,1.514434,1.514434,0.000000
297,112.000000,0.006914,0.006914,0.000000,-0.491316,-0.491316,0.000000
298,570.000000,0.035185,0.035185,0.000000,0.091943,0.091943,0.000000
299,352.000000,0.021728,0.021728,0.000000,-0.185678,-0.185678,0.000000
300,36.000000,0.002222,0.002222,0.000000,-0.588102,-0.588102,0.000000
301,1142.000000,0.070494,0.070494,0.000000,0.820380,0.820380,0.000000
302,1400.000000,0.086420,0.086420,0.000000,1.148941,1.148941,0.000000
303,107.000000,0.006605,0.006605,0.000000,-0.497684,-0.497684,0.000000
304,327.000000,0.020185,0.020185,0.000000,-0.217516,-0.217516,0.000000
305,246.000000,0.015185,0.015185,0.000000,-0.320668,-0.320668,0.000000
306,223.000000,0.013765,0.013765,0.000000,-0.349959,-0.349959,0.000000
307,158.000000,0.009753,0.009753,0.000000,-0.432736,-0.432736,0.000000
308,168.000000,0.010370,0.010370,0.000000,-0.420001,-0.420001,0.000000
309,504.000000,0.031111,0.031111,0.000000,0.007893,0.007893,0.000000
310,930.000000,0.057407,0.057407,0.000000,0.550400,0.550400,0.000000
311,286.000000,0.017654,0.017654,0.000000,-0.269729,-0.269729,0.000000
312,1313.000000,0.081049,0.081049,0.000000,1.038148,1.038148,0.000000
313,1556.000000,0.096049,0.096049,0.000000,1.347606,1.347606,0.000000
314,550.000000,0.033951,0.033951,0.000000,0.066473,0.066473,0.000000
315,647.000000,0.039938,0.039938,0.000000,0.190002,0.190002,0.000000
316,839.000000,0.051790,0.051790,0.000000,0.434512,0.434512,0.000000
317,362.000000,0.022346,0.022346,0.000000,-0.172943,-0.172943,0.000000
318,184.000000,0.011358,0.011358,0.000000,-0.399625,-0.399625,0.000000
319,1656.000000,0.102222,0.102222,0.000000,1.474955,1.474955,0.000000
320,929.000000,0.057346,0.057346,0.000000,0.549127,0.549127,0.000000
321,1111.000000,0.068580,0.068580,0.000000,0.780902,0.780902,0.000000
322,257.000000,0.015864,0.015864,0.000000,-0.306660,-0.306660,0.000000
323,199.000000,0.012284,0.012284,0.000000,-0.380523,-0.380523,0.000000
324,100.000000,0.006173,0.006173,0.000000,-0.506598,-0.506598,0.000000
325,65.000000,0.004012,0.004012,0.000000,-0.551170,-0.551170,0.000000
326,229.000000,0.014136,0.014136,0.000000,-0.342318,-0.342318,0.000000
327,721.000000,0.044506,0.044506,0.000000,0.284240,0.284240,0.000000
328,723.000000,0.044630,0.044630,0.000000,0.286787,0.286787,0.000000
329,429.000000,0.026481,0.026481,0.000000,-0.087619,-0.087619,0.000000
330,2301.000000,0.142037,0.142037,0.000000,2.296358,2.296358,0.000000
331,100.000000,0.006173,0.006173,0.000000,-0.506598,-0.506598,0.000000
332,315.000000,0.019444,0.019444,0.000000,-0.232797,-0.232797,0.000000
333,416.000000,0.025679,0.025679,0.000000,-0.104175,-0.104175,0.000000
334,412.000000,0.025432,0.025432,0.000000,-0.109269,-0.109269,0.000000
335,494.000000,0.030494,0.030494,0.000000,-0.004842,-0.004842,0.000000
336,491.000000,0.030309,0.030309,0.000000,-0.008663,-0.008663,0.000000
337,1915.000000,0.118210,0.118210,0.000000,1.804790,1.804790,0.000000
338,255.000000,0.015741,0.015741,0.000000,-0.309207,-0.309207,0.000000
339,1133.000000,0.069938,0.069938,0.000000,0.808919,0.808919,0.000000
340,179.000000,0.011049,0.011049,0.000000,-0.405992,-0.405992,0.000000
341,1008.000000,0.062222,0.062222,0.000000,0.649733,0.649733,0.000000
342,642.000000,0.039630,0.039630,0.000000,0.183634,0.183634,0.000000
343,852.000000,0.052593,0.052593,0.000000,0.451068,0.451068,0.000000
344,75.000000,0.004630,0.004630,0.000000,-0.538436,-0.538436,0.000000
345,134.000000,0.008272,0.008272,0.000000,-0.463300,-0.463300,0.000000
346,131.000000,0.008086,0.008086,0.000000,-0.467120,-0.467120,0.000000
347,217.000000,0.013395,0.013395,0.000000,-0.357600,-0.357600,0.000000
348,1268.000000,0.078272,0.078272,0.000000,0.980840,0.980840,0.000000
349,233.000000,0.014383,0.014383,0.000000,-0.337224,-0.337224,0.000000
350,581.000000,0.035864,0.035864,0.000000,0.105951,0.105951,0.000000
351,713.000000,0.044012,0.044012,0.000000,0.274052,0.274052,0.000000
352,743.000000,0.045864,0.045864,0.000000,0.312257,0.312257,0.000000
353,920.000000,0.056790,0.056790,0.000000,0.537665,0.537665,0.000000
354,232.000000,0.014321,0.014321,0.000000,-0.338497,-0.338497,0.000000
355,224.000000,0.013827,0.013827,0.000000,-0.348685,-0.348685,0.000000
356,231.000000,0.014259,0.014259,0.000000,-0.339771,-0.339771,0.000000
357,31.000000,0.001914,0.001914,0.000000,-0.594469,-0.594469,0.000000
358,392.000000,0.024198,0.024198,0.000000,-0.134739,-0.134739,0.000000
359,2354.000000,0.145309,0.145309,0.000000,2.363853,2.363853,0.000000
360,816.000000,0.050370,0.050370,0.000000,0.405222,0.405222,0.000000
361,196.000000,0.012099,0.012099,0.000000,-0.384343,-0.384343,0.000000
362,341.000000,0.021049,0.021049,0.000000,-0.199687,-0.199687,0.000000
363,549.000000,0.033889,0.033889,0.000000,0.065200,0.065200,0.000000
364,505.000000,0.031173,0.031173,0.000000,0.009166,0.009166,0.000000
365,502.000000,0.030988,0.030988,0.000000,0.005346,0.005346,0.000000
366,44.000000,0.002716,0.002716,0.000000,-0.577914,-0.577914,0.000000
367,431.000000,0.026605,0.026605,0.000000,-0.085072,-0.085072,0.000000
368,692.000000,0.042716,0.042716,0.000000,0.247309,0.247309,0.000000
369,1027.000000,0.063395,0.063395,0.000000,0.673929,0.673929,0.000000
370,116.000000,0.007160,0.007160,0.000000,-0.486222,-0.486222,0.000000
371,610.000000,0.037654,0.037654,0.000000,0.142883,0.142883,0.000000
372,915.000000,0.056481,0.056481,0.000000,0.531298,0.531298,0.000000
373,485.000000,0.029938,0.029938,0.000000,-0.016304,-0.016304,0.000000
374,662.000000,0.040864,0.040864,0.000000,0.209104,0.209104,0.000000
375,94.000000,0.005802,0.005802,0.000000,-0.514239,-0.514239,0.000000
376,11.000000,0.000679,0.000679,0.000000,-0.619939,-0.619939,0.000000
377,38.000000,0.002346,0.002346,0.000000,-0.585555,-0.585555,0.000000
378,131.000000,0.008086,0.008086,0.000000,-0.467120,-0.467120,0.000000
379,632.000000,0.039012,0.039012,0.000000,0.170900,0.170900,0.000000
380,467.000000,0.028827,0.028827,0.000000,-0.039227,-0.039227,0.000000
381,323.000000,0.019938,0.019938,0.000000,-0.222610,-0.222610,0.000000
382,103.000000,0.006358,0.006358,0.000000,-0.502778,-0.502778,0.000000
383,22.000000,0.001358,0.001358,0.000000,-0.605931,-0.605931,0.000000
384,556.000000,0.034321,0.034321,0.000000,0.074114,0.074114,0.000000
385,205.000000,0.012654,0.012654,0.000000,-0.372882,-0.372882,0.000000
386,56.000000,0.003457,0.003457,0.000000,-0.562632,-0.562632,0.000000
387,624.000000,0.038519,0.038519,0.000000,0.160712,0.160712,0.000000
388,65.000000,0.004012,0.004012,0.000000,-0.551170,-0.551170,0.000000
389,96.000000,0.005926,0.005926,0.000000,-0.511692,-0.511692,0.000000
390,53.000000,0.003272,0.003272,0.000000,-0.566452,-0.566452,0.000000
391,130.000000,0.008025,0.008025,0.000000,-0.468393,-0.468393,0.000000
392,102.000000,0.006296,0.006296,0.000000,-0.504051,-0.504051,0.000000
393,296.000000,0.018272,0.018272,0.000000,-0.256994,-0.256994,0.000000
394,66.000000,0.004074,0.004074,0.000000,-0.549897,-0.549897,0.000000
395,1068.000000,0.065926,0.065926,0.000000,0.726142,0.726142,0.000000
396,319.000000,0.019691,0.019691,0.000000,-0.227703,-0.227703,0.000000
397,454.000000,0.028025,0.028025,0.000000,-0.055782,-0.055782,0.000000
398,402.000000,0.024815,0.024815,0.000000,-0.122004,-0.122004,0.000000
399,32.000000,0.001975,0.001975,0.000000,-0.593196,-0.593196,0.000000
400,296.000000,0.018272,0.018272,0.000000,-0.256994,-0.256994,0.000000
401,77.000000,0.004753,0.004753,0.000000,-0.535889,-0.535889,0.000000
402,81.000000,0.005000,0.005000,0.000000,-0.530795,-0.530795,0.000000
403,141.000000,0.008704,0.008704,0.000000,-0.454385,-0.454385,0.000000
404,173.000000,0.010679,0.010679,0.000000,-0.413633,-0.413633,0.000000
405,121.000000,0.007469,0.007469,0.000000,-0.479855,-0.479855,0.000000
406,229.000000,0.014136,0.014136,0.000000,-0.342318,-0.342318,0.000000
407,239.000000,0.014753,0.014753,0.000000,-0.329583,-0.329583,0.000000
408,102.000000,0.006296,0.006296,0.000000,-0.504051,-0.504051,0.000000
409,279.000000,0.017222,0.017222,0.000000,-0.278643,-0.278643,0.000000
410,32.000000,0.001975,0.001975,0.000000,-0.593196,-0.593196,0.000000
411,281.000000,0.017346,0.017346,0.000000,-0.276096,-0.276096,0.000000
412,521.000000,0.032160,0.032160,0.000000,0.029542,0.029542,0.000000
413,466.000000,0.028765,0.028765,0.000000,-0.040500,-0.040500,0.000000
414,64.000000,0.003951,0.003951,0.000000,-0.552444,-0.552444,0.000000
415,802.000000,0.049506,0.049506,0.000000,0.387393,0.387393,0.000000
416,263.000000,0.016235,0.016235,0.000000,-0.299019,-0.299019,0.000000
417,5592.000000,0.345185,0.345185,0.000000,6.487420,6.487420,0.000000
418,1482.000000,0.091481,0.091481,0.000000,1.253368,1.253368,0.000000
419,1673.000000,0.103272,0.103272,0.000000,1.496605,1.496605,0.000000
420,165.000000,0.010185,0.010185,0.000000,-0.423821,-0.423821,0.000000
421,1149.000000,0.070926,0.070926,0.000000,0.829295,0.829295,0.000000
422,5189.000000,0.320309,0.320309,0.000000,5.974203,5.974203,0.000000
423,845.000000,0.052160,0.052160,0.000000,0.442153,0.442153,0.000000
424,1055.000000,0.065123,0.065123,0.000000,0.709587,0.709587,0.000000
425,1967.000000,0.121420,0.121420,0.000000,1.871011,1.871011,0.000000
426,674.000000,0.041605,0.041605,0.000000,0.224386,0.224386,0.000000
427,2681.000000,0.165494,0.165494,0.000000,2.780285,2.780285,0.000000
428,1593.000000,0.098333,0.098333,0.000000,1.394725,1.394725,0.000000
429,1647.000000,0.101667,0.101667,0.000000,1.463494,1.463494,0.000000
430,769.000000,0.047469,0.047469,0.000000,0.345368,0.345368,0.000000
431,1537.000000,0.094877,0.094877,0.000000,1.323410,1.323410,0.000000
432,1509.000000,0.093148,0.093148,0.000000,1.287752,1.287752,0.000000
433,480.000000,0.029630,0.029630,0.000000,-0.022671,-0.022671,0.000000
434,1868.000000,0.115309,0.115309,0.000000,1.744936,1.744936,0.000000
435,1013.000000,0.062531,0.062531,0.000000,0.656100,0.656100,0.000000
436,68.000000,0.004198,0.004198,0.000000,-0.547350,-0.547350,0.000000
437,83.000000,0.005123,0.005123,0.000000,-0.528248,-0.528248,0.000000
438,466.000000,0.028765,0.028765,0.000000,-0.040500,-0.040500,0.000000
439,970.000000,0.059877,0.059877,0.000000,0.601340,0.601340,0.000000
440,1739.000000,0.107346,0.107346,0.000000,1.580655,1.580655,0.000000
441,828.000000,0.051111,0.051111,0.000000,0.420504,0.420504,0.000000
442,306.000000,0.018889,0.018889,0.000000,-0.244259,-0.244259,0.000000
443,2333.000000,0.144012,0.144012,0.000000,2.337110,2.337110,0.000000
444,1951.000000,0.120432,0.120432,0.000000,1.850636,1.850636,0.000000
445,2283.000000,0.140926,0.140926,0.000000,2.273435,2.273435,0.000000
446,538.000000,0.033210,0.033210,0.000000,0.051191,0.051191,0.000000
447,565.000000,0.034877,0.034877,0.000000,0.085576,0.085576,0.000000
448,700.000000,0.043210,0.043210,0.000000,0.257497,0.257497,0.000000
449,547.000000,0.033765,0.033765,0.000000,0.062653,0.062653,0.000000
450,1473.000000,0.090926,0.090926,0.000000,1.241906,1.241906,0.000000
451,812.000000,0.050123,0.050123,0.000000,0.400128,0.400128,0.000000
452,543.000000,0.033519,0.033519,0.000000,0.057559,0.057559,0.000000
453,1119.000000,0.069074,0.069074,0.000000,0.791090,0.791090,0.000000
454,917.000000,0.056605,0.056605,0.000000,0.533845,0.533845,0.000000
455,1675.000000,0.103395,0.103395,0.000000,1.499152,1.499152,0.000000
456,299.000000,0.018457,0.018457,0.000000,-0.253173,-0.253173,0.000000
457,384.000000,0.023704,0.023704,0.000000,-0.144926,-0.144926,0.000000
458,241.000000,0.014877,0.014877,0.000000,-0.327036,-0.327036,0.000000
459,1958.000000,0.120864,0.120864,0.000000,1.859550,1.859550,0.000000
460,374.000000,0.023086,0.023086,0.000000,-0.157661,-0.157661,0.000000
461,324.000000,0.020000,0.020000,0.000000,-0.221336,-0.221336,0.000000
462,242.000000,0.014938,0.014938,0.000000,-0.325762,-0.325762,0.000000
463,201.000000,0.012407,0.012407,0.000000,-0.377976,-0.377976,0.000000
464,1386.000000,0.085556,0.085556,0.000000,1.131113,1.131113,0.000000
465,1267.000000,0.078210,0.078210,0.000000,0.979567,0.979567,0.000000
466,626.000000,0.038642,0.038642,0.000000,0.163259,0.163259,0.000000
467,1289.000000,0.079568,0.079568,0.000000,1.007584,1.007584,0.000000
468,65.000000,0.004012,0.004012,0.000000,-0.551170,-0.551170,0.000000
469,49.000000,0.003025,0.003025,0.000000,-0.571546,-0.571546,0.000000
470,110.000000,0.006790,0.006790,0.000000,-0.493863,-0.493863,0.000000
471,48.000000,0.002963,0.002963,0.000000,-0.572820,-0.572820,0.000000
472,36.000000,0.002222,0.002222,0.000000,-0.588102,-0.588102,0.000000
473,217.000000,0.013395,0.013395,0.000000,-0.357600,-0.357600,0.000000
474,483.000000,0.029815,0.029815,0.000000,-0.018851,-0.018851,0.000000
475,457.000000,0.028210,0.028210,0.000000,-0.051962,-0.051962,0.000000
476,50.000000,0.003086,0.003086,0.000000,-0.570273,-0.570273,0.000000
477,239.000000,0.014753,0.014753,0.000000,-0.329583,-0.329583,0.000000
478,148.000000,0.009136,0.009136,0.000000,-0.445471,-0.445471,0.000000
479,94.000000,0.005802,0.005802,0.000000,-0.514239,-0.514239,0.000000
480,337.000000,0.020802,0.020802,0.000000,-0.204781,-0.204781,0.000000
481,578.000000,0.035679,0.035679,0.000000,0.102131,0.102131,0.000000
482,788.000000,0.048642,0.048642,0.000000,0.369564,0.369564,0.000000
483,433.000000,0.026728,0.026728,0.000000,-0.082525,-0.082525,0.000000
484,4592.000000,0.283457,0.283457,0.000000,5.213928,5.213928,0.000000
485,540.000000,0.033333,0.033333,0.000000,0.053738,0.053738,0.000000
486,250.000000,0.015432,0.015432,0.000000,-0.315574,-0.315574,0.000000
487,519.000000,0.032037,0.032037,0.000000,0.026995,0.026995,0.000000
488,2420.000000,0.149383,0.149383,0.000000,2.447903,2.447903,0.000000
489,3810.000000,0.235185,0.235185,0.000000,4.218057,4.218057,0.000000
490,407.000000,0.025123,0.025123,0.000000,-0.115636,-0.115636,0.000000
491,1324.000000,0.081728,0.081728,0.000000,1.052156,1.052156,0.000000
492,349.000000,0.021543,0.021543,0.000000,-0.189499,-0.189499,0.000000
493,742.000000,0.045802,0.045802,0.000000,0.310984,0.310984,0.000000
494,1069.000000,0.065988,0.065988,0.000000,0.727416,0.727416,0.000000
495,887.000000,0.054753,0.054753,0.000000,0.495640,0.495640,0.000000
496,593.000000,0.036605,0.036605,0.000000,0.121233,0.121233,0.000000
497,695.000000,0.042901,0.042901,0.000000,0.251130,0.251130,0.000000
498,134.000000,0.008272,0.008272,0.000000,-0.463300,-0.463300,0.000000
499,398.000000,0.024568,0.024568,0.000000,-0.127098,-0.127098,0.000000
500,768.000000,0.047407,0.047407,0.000000,0.344094,0.344094,0.000000
501,1788.000000,0.110370,0.110370,0.000000,1.643056,1.643056,0.000000
502,1683.000000,0.103889,0.103889,0.000000,1.509340,1.509340,0.000000
503,518.000000,0.031975,0.031975,0.000000,0.025721,0.025721,0.000000
504,495.000000,0.030556,0.030556,0.000000,-0.003569,-0.003569,0.000000
505,558.000000,0.034444,0.034444,0.000000,0.076661,0.076661,0.000000
506,333.000000,0.020556,0.020556,0.000000,-0.209875,-0.209875,0.000000
507,254.000000,0.015679,0.015679,0.000000,-0.310480,-0.310480,0.000000
508,130.000000,0.008025,0.008025,0.000000,-0.468393,-0.468393,0.000000
509,62.000000,0.003827,0.003827,0.000000,-0.554991,-0.554991,0.000000
510,2289.000000,0.141296,0.141296,0.000000,2.281076,2.281076,0.000000
511,207.000000,0.012778,0.012778,0.000000,-0.370335,-0.370335,0.000000
512,219.000000,0.013519,0.013519,0.000000,-0.355053,-0.355053,0.000000
513,96.000000,0.005926,0.005926,0.000000,-0.511692,-0.511692,0.000000
514,332.000000,0.020494,0.020494,0.000000,-0.211148,-0.211148,0.000000
515,273.000000,0.016852,0.016852,0.000000,-0.286284,-0.286284,0.000000
516,81.000000,0.005000,0.005000,0.000000,-0.530795,-0.530795,0.000000
517,132.000000,0.008148,0.008148,0.000000,-0.465846,-0.465846,0.000000
518,283.000000,0.017469,0.017469,0.000000,-0.273549,-0.273549,0.000000
519,9.000000,0.000556,0.000556,0.000000,-0.622486,-0.622486,0.000000
520,254.000000,0.015679,0.015679,0.000000,-0.310480,-0.310480,0.000000
521,691.000000,0.042654,0.042654,0.000000,0.246036,0.246036,0.000000
522,1341.000000,0.082778,0.082778,0.000000,1.073805,1.073805,0.000000
523,104.000000,0.006420,0.006420,0.000000,-0.501504,-0.501504,0.000000
524,234.000000,0.014444,0.014444,0.000000,-0.335950,-0.335950,0.000000
525,695.000000,0.042901,0.042901,0.000000,0.251130,0.251130,0.000000
526,1218.000000,0.075185,0.075185,0.000000,0.917166,0.917166,0.000000
527,275.000000,0.016975,0.016975,0.000000,-0.283737,-0.283737,0.000000
528,1951.000000,0.120432,0.120432,0.000000,1.850636,1.850636,0.000000
529,490.000000,0.030247,0.030247,0.000000,-0.009936,-0.009936,0.000000
530,1294.000000,0.079877,0.079877,0.000000,1.013951,1.013951,0.000000
531,377.000000,0.023272,0.023272,0.000000,-0.153841,-0.153841,0.000000
532,1720.000000,0.106173,0.106173,0.000000,1.556459,1.556459,0.000000
533,931.000000,0.057469,0.057469,0.000000,0.551674,0.551674,0.000000
534,424.000000,0.026173,0.026173,0.000000,-0.093987,-0.093987,0.000000
535,374.000000,0.023086,0.023086,0.000000,-0.157661,-0.157661,0.000000
536,232.000000,0.014321,0.014321,0.000000,-0.338497,-0.338497,0.000000
537,333.000000,0.020556,0.020556,0.000000,-0.209875,-0.209875,0.000000
538,1148.000000,0.070864,0.070864,0.000000,0.828021,0.828021,0.000000
539,299.000000,0.018457,0.018457,0.000000,-0.253173,-0.253173,0.000000
540,218.000000,0.013457,0.013457,0.000000,-0.356326,-0.356326,0.000000
541,97.000000,0.005988,0.005988,0.000000,-0.510419,-0.510419,0.000000
542,309.000000,0.019074,0.019074,0.000000,-0.240438,-0.240438,0.000000
543,1925.000000,0.118827,0.118827,0.000000,1.817525,1.817525,0.000000
544,490.000000,0.030247,0.030247,0.000000,-0.009936,-0.009936,0.000000
545,451.000000,0.027840,0.027840,0.000000,-0.059603,-0.059603,0.000000
546,157.000000,0.009691,0.009691,0.000000,-0.434009,-0.434009,0.000000
547,1250.000000,0.077160,0.077160,0.000000,0.957918,0.957918,0.000000
548,1009.000000,0.062284,0.062284,0.000000,0.651006,0.651006,0.000000
549,221.000000,0.013642,0.013642,0.000000,-0.352506,-0.352506,0.000000
550,256.000000,0.015802,0.015802,0.000000,-0.307933,-0.307933,0.000000
551,341.000000,0.021049,0.021049,0.000000,-0.199687,-0.199687,0.000000
552,957.000000,0.059074,0.059074,0.000000,0.584784,0.584784,0.000000
553,198.000000,0.012222,0.012222,0.000000,-0.381796,-0.381796,0.000000
554,354.000000,0.021852,0.021852,0.000000,-0.183131,-0.183131,0.000000
555,759.000000,0.046852,0.046852,0.000000,0.332633,0.332633,0.000000
556,429.000000,0.026481,0.026481,0.000000,-0.087619,-0.087619,0.000000
557,348.000000,0.021481,0.021481,0.000000,-0.190772,-0.190772,0.000000
558,193.000000,0.011914,0.011914,0.000000,-0.388163,-0.388163,0.000000
559,330.000000,0.020370,0.020370,0.000000,-0.213695,-0.213695,0.000000
560,659.000000,0.040679,0.040679,0.000000,0.205284,0.205284,0.000000
561,141.000000,0.008704,0.008704,0.000000,-0.454385,-0.454385,0.000000
562,588.000000,0.036296,0.036296,0.000000,0.114866,0.114866,0.000000
563,751.000000,0.046358,0.046358,0.000000,0.322445,0.322445,0.000000
564,502.000000,0.030988,0.030988,0.000000,0.005346,0.005346,0.000000
565,436.000000,0.026914,0.026914,0.000000,-0.078705,-0.078705,0.000000
566,108.000000,0.006667,0.006667,0.000000,-0.496410,-0.496410,0.000000
567,239.000000,0.014753,0.014753,0.000000,-0.329583,-0.329583,0.000000
568,437.000000,0.026975,0.026975,0.000000,-0.077431,-0.077431,0.000000
569,177.000000,0.010926,0.010926,0.000000,-0.408539,-0.408539,0.000000
570,182.000000,0.011235,0.011235,0.000000,-0.402172,-0.402172,0.000000
571,187.000000,0.011543,0.011543,0.000000,-0.395804,-0.395804,0.000000
572,96.000000,0.005926,0.005926,0.000000,-0.511692,-0.511692,0.000000
573,243.000000,0.015000,0.015000,0.000000,-0.324489,-0.324489,0.000000
574,39.000000,0.002407,0.002407,0.000000,-0.584281,-0.584281,0.000000
575,5368.000000,0.331358,0.331358,0.000000,6.202158,6.202158,0.000000
576,514.000000,0.031728,0.031728,0.000000,0.020627,0.020627,0.000000
577,660.000000,0.040741,0.040741,0.000000,0.206557,0.206557,0.000000
578,165.000000,0.010185,0.010185,0.000000,-0.423821,-0.423821,0.000000
579,801.000000,0.049444,0.049444,0.000000,0.386120,0.386120,0.000000
580,487.000000,0.030062,0.030062,0.000000,-0.013757,-0.013757,0.000000
581,334.000000,0.020617,0.020617,0.000000,-0.208601,-0.208601,0.000000
582,213.000000,0.013148,0.013148,0.000000,-0.362694,-0.362694,0.000000
583,346.000000,0.021358,0.021358,0.000000,-0.193319,-0.193319,0.000000
584,202.000000,0.012469,0.012469,0.000000,-0.376702,-0.376702,0.000000
585,184.000000,0.011358,0.011358,0.000000,-0.399625,-0.399625,0.000000
586,188.000000,0.011605,0.011605,0.000000,-0.394531,-0.394531,0.000000
587,133.000000,0.008210,0.008210,0.000000,-0.464573,-0.464573,0.000000
588,139.000000,0.008580,0.008580,0.000000,-0.456932,-0.456932,0.000000
589,144.000000,0.008889,0.008889,0.000000,-0.450565,-0.450565,0.000000
590,247.000000,0.015247,0.015247,0.000000,-0.319395,-0.319395,0.000000
591,37.000000,0.002284,0.002284,0.000000,-0.586828,-0.586828,0.000000
592,25.000000,0.001543,0.001543,0.000000,-0.602110,-0.602110,0.000000
593,134.000000,0.008272,0.008272,0.000000,-0.463300,-0.463300,0.000000
594,64.000000,0.003951,0.003951,0.000000,-0.552444,-0.552444,0.000000
595,244.000000,0.015062,0.015062,0.000000,-0.323215,-0.323215,0.000000
596,172.000000,0.010617,0.010617,0.000000,-0.414907,-0.414907,0.000000
597,944.000000,0.058272,0.058272,0.000000,0.568229,0.568229,0.000000
598,211.000000,0.013025,0.013025,0.000000,-0.365241,-0.365241,0.000000
599,243.000000,0.015000,0.015000,0.000000,-0.324489,-0.324489,0.000000
600,378.000000,0.023333,0.023333,0.000000,-0.152567,-0.152567,0.000000
601,122.000000,0.007531,0.007531,0.000000,-0.478581,-0.478581,0.000000
602,187.000000,0.011543,0.011543,0.000000,-0.395804,-0.395804,0.000000
603,171.000000,0.010556,0.010556,0.000000,-0.416180,-0.416180,0.000000
604,186.000000,0.011481,0.011481,0.000000,-0.397078,-0.397078,0.000000
605,203.000000,0.012531,0.012531,0.000000,-0.375429,-0.375429,0.000000
606,115.000000,0.007099,0.007099,0.000000,-0.487496,-0.487496,0.000000
607,287.000000,0.017716,0.017716,0.000000,-0.268455,-0.268455,0.000000
608,462.000000,0.028519,0.028519,0.000000,-0.045594,-0.045594,0.000000
609,229.000000,0.014136,0.014136,0.000000,-0.342318,-0.342318,0.000000
610,890.000000,0.054938,0.054938,0.000000,0.499460,0.499460,0.000000
611,798.000000,0.049259,0.049259,0.000000,0.382299,0.382299,0.000000
612,184.000000,0.011358,0.011358,0.000000,-0.399625,-0.399625,0.000000
613,181.000000,0.011173,0.011173,0.000000,-0.403445,-0.403445,0.000000
614,626.000000,0.038642,0.038642,0.000000,0.163259,0.163259,0.000000
615,781.000000,0.048210,0.048210,0.000000,0.360650,0.360650,0.000000
616,519.000000,0.032037,0.032037,0.000000,0.026995,0.026995,0.000000
617,644.000000,0.039753,0.039753,0.000000,0.186181,0.186181,0.000000
618,457.000000,0.028210,0.028210,0.000000,-0.051962,-0.051962,0.000000
619,200.000000,0.012346,0.012346,0.000000,-0.379249,-0.379249,0.000000
620,1525.000000,0.094136,0.094136,0.000000,1.308128,1.308128,0.000000
621,680.000000,0.041975,0.041975,0.000000,0.232027,0.232027,0.000000
622,139.000000,0.008580,0.008580,0.000000,-0.456932,-0.456932,0.000000
623,550.000000,0.033951,0.033951,0.000000,0.066473,0.066473,0.000000
624,195.000000,0.012037,0.012037,0.000000,-0.385616,-0.385616,0.000000
625,136.000000,0.008395,0.008395,0.000000,-0.460753,-0.460753,0.000000
626,130.000000,0.008025,0.008025,0.000000,-0.468393,-0.468393,0.000000
627,1287.000000,0.079444,0.079444,0.000000,1.005037,1.005037,0.000000
628,648.000000,0.040000,0.040000,0.000000,0.191275,0.191275,0.000000
629,24.000000,0.001481,0.001481,0.000000,-0.603384,-0.603384,0.000000
630,115.000000,0.007099,0.007099,0.000000,-0.487496,-0.487496,0.000000
631,914.000000,0.056420,0.056420,0.000000,0.530024,0.530024,0.000000
632,254.000000,0.015679,0.015679,0.000000,-0.310480,-0.310480,0.000000
633,61.000000,0.003765,0.003765,0.000000,-0.556264,-0.556264,0.000000
634,159.000000,0.009815,0.009815,0.000000,-0.431462,-0.431462,0.000000
635,441.000000,0.027222,0.027222,0.000000,-0.072337,-0.072337,0.000000
636,82.000000,0.005062,0.005062,0.000000,-0.529521,-0.529521,0.000000
637,433.000000,0.026728,0.026728,0.000000,-0.082525,-0.082525,0.000000
638,465.000000,0.028704,0.028704,0.000000,-0.041774,-0.041774,0.000000
639,9.000000,0.000556,0.000556,0.000000,-0.622486,-0.622486,0.000000
640,995.000000,0.061420,0.061420,0.000000,0.633177,0.633177,0.000000
641,241.000000,0.014877,0.014877,0.000000,-0.327036,-0.327036,0.000000
642,288.000000,0.017778,0.017778,0.000000,-0.267182,-0.267182,0.000000
643,958.000000,0.059136,0.059136,0.000000,0.586058,0.586058,0.000000
644,368.000000,0.022716,0.022716,0.000000,-0.165302,-0.165302,0.000000
645,101.000000,0.006235,0.006235,0.000000,-0.505325,-0.505325,0.000000
646,133.000000,0.008210,0.008210,0.000000,-0.464573,-0.464573,0.000000
647,417.000000,0.025741,0.025741,0.000000,-0.102901,-0.102901,0.000000
648,70.000000,0.004321,0.004321,0.000000,-0.544803,-0.544803,0.000000
649,161.000000,0.009938,0.009938,0.000000,-0.428915,-0.428915,0.000000
650,269.000000,0.016605,0.016605,0.000000,-0.291378,-0.291378,0.000000
651,974.000000,0.060123,0.060123,0.000000,0.606434,0.606434,0.000000
652,378.000000,0.023333,0.023333,0.000000,-0.152567,-0.152567,0.000000
653,11.000000,0.000679,0.000679,0.000000,-0.619939,-0.619939,0.000000
654,65.000000,0.004012,0.004012,0.000000,-0.551170,-0.551170,0.000000
655,161.000000,0.009938,0.009938,0.000000,-0.428915,-0.428915,0.000000
656,905.000000,0.055864,0.055864,0.000000,0.518563,0.518563,0.000000
657,271.000000,0.016728,0.016728,0.000000,-0.288831,-0.288831,0.000000
658,16.000000,0.000988,0.000988,0.000000,-0.613572,-0.613572,0.000000
659,663.000000,0.040926,0.040926,0.000000,0.210378,0.210378,0.000000
660,106.000000,0.006543,0.006543,0.000000,-0.498957,-0.498957,0.000000
661,82.000000,0.005062,0.005062,0.000000,-0.529521,-0.529521,0.000000
662,200.000000,0.012346,0.012346,0.000000,-0.379249,-0.379249,0.000000
663,141.000000,0.008704,0.008704,0.000000,-0.454385,-0.454385,0.000000
664,89.000000,0.005494,0.005494,0.000000,-0.520607,-0.520607,0.000000
665,41.000000,0.002531,0.002531,0.000000,-0.581734,-0.581734,0.000000
666,23.000000,0.001420,0.001420,0.000000,-0.604657,-0.604657,0.000000
667,46.000000,0.002840,0.002840,0.000000,-0.575367,-0.575367,0.000000
668,46.000000,0.002840,0.002840,0.000000,-0.575367,-0.575367,0.000000
669,35.000000,0.002160,0.002160,0.000000,-0.589375,-0.589375,0.000000
670,47.000000,0.002901,0.002901,0.000000,-0.574093,-0.574093,0.000000
671,15.000000,0.000926,0.000926,0.000000,-0.614845,-0.614845,0.000000
672,67.000000,0.004136,0.004136,0.000000,-0.548623,-0.548623,0.000000
673,13.000000,0.000802,0.000802,0.000000,-0.617392,-0.617392,0.000000
674,975.000000,0.060185,0.060185,0.000000,0.607707,0.607707,0.000000
675,44.000000,0.002716,0.002716,0.000000,-0.577914,-0.577914,0.000000
676,86.000000,0.005309,0.005309,0.000000,-0.524427,-0.524427,0.000000
677,49.000000,0.003025,0.003025,0.000000,-0.571546,-0.571546,0.000000
678,67.000000,0.004136,0.004136,0.000000,-0.548623,-0.548623,0.000000
679,27.000000,0.001667,0.001667,0.000000,-0.599563,-0.599563,0.000000
680,19.000000,0.001173,0.001173,0.000000,-0.609751,-0.609751,0.000000
681,26.000000,0.001605,0.001605,0.000000,-0.600837,-0.600837,0.000000
682,95.000000,0.005864,0.005864,0.000000,-0.512966,-0.512966,0.000000
683,356.000000,0.021975,0.021975,0.000000,-0.180584,-0.180584,0.000000
684,212.000000,0.013086,0.013086,0.000000,-0.363967,-0.363967,0.000000
685,75.000000,0.004630,0.004630,0.000000,-0.538436,-0.538436,0.000000
686,131.000000,0.008086,0.008086,0.000000,-0.467120,-0.467120,0.000000
687,68.000000,0.004198,0.004198,0.000000,-0.547350,-0.547350,0.000000
688,301.000000,0.018580,0.018580,0.000000,-0.250626,-0.250626,0.000000
689,116.000000,0.007160,0.007160,0.000000,-0.486222,-0.486222,0.000000
690,1391.000000,0.085864,0.085864,0.000000,1.137480,1.137480,0.000000
691,79.000000,0.004877,0.004877,0.000000,-0.533342,-0.533342,0.000000
692,205.000000,0.012654,0.012654,0.000000,-0.372882,-0.372882,0.000000
693,678.000000,0.041852,0.041852,0.000000,0.229480,0.229480,0.000000
694,46.000000,0.002840,0.002840,0.000000,-0.575367,-0.575367,0.000000
695,234.000000,0.014444,0.014444,0.000000,-0.335950,-0.335950,0.000000
696,158.000000,0.009753,0.009753,0.000000,-0.432736,-0.432736,0.000000
697,7.000000,0.000432,0.000432,0.000000,-0.625033,-0.625033,0.000000
698,14.000000,0.000864,0.000864,0.000000,-0.616119,-0.616119,0.000000
699,16.000000,0.000988,0.000988,0.000000,-0.613572,-0.613572,0.000000
700,14.000000,0.000864,0.000864,0.000000,-0.616119,-0.616119,0.000000
701,15.000000,0.000926,0.000926,0.000000,-0.614845,-0.614845,0.000000
702,27.000000,0.001667,0.001667,0.000000,-0.599563,-0.599563,0.000000
703,67.000000,0.004136,0.004136,0.000000,-0.548623,-0.548623,0.000000
704,682.000000,0.042099,0.042099,0.000000,0.234574,0.234574,0.000000
705,383.000000,0.023642,0.023642,0.000000,-0.146200,-0.146200,0.000000
706,98.000000,0.006049,0.006049,0.000000,-0.509145,-0.509145,0.000000
707,59.000000,0.003642,0.003642,0.000000,-0.558811,-0.558811,0.000000
708,15.000000,0.000926,0.000926,0.000000,-0.614845,-0.614845,0.000000
709,50.000000,0.003086,0.003086,0.000000,-0.570273,-0.570273,0.000000
710,74.000000,0.004568,0.004568,0.000000,-0.539709,-0.539709,0.000000
711,80.000000,0.004938,0.004938,0.000000,-0.532068,-0.532068,0.000000
712,102.000000,0.006296,0.006296,0.000000,-0.504051,-0.504051,0.000000
713,40.000000,0.002469,0.002469,0.000000,-0.583008,-0.583008,0.000000
714,33.000000,0.002037,0.002037,0.000000,-0.591922,-0.591922,0.000000
715,25.000000,0.001543,0.001543,0.000000,-0.602110,-0.602110,0.000000
716,25.000000,0.001543,0.001543,0.000000,-0.602110,-0.602110,0.000000
717,23.000000,0.001420,0.001420,0.000000,-0.604657,-0.604657,0.000000
718,36.000000,0.002222,0.002222,0.000000,-0.588102,-0.588102,0.000000
719,54.000000,0.003333,0.003333,0.000000,-0.565179,-0.565179,0.000000
720,50.000000,0.003086,0.003086,0.000000,-0.570273,-0.570273,0.000000
721,20.000000,0.001235,0.001235,0.000000,-0.608478,-0.608478,0.000000
722,32.000000,0.001975,0.001975,0.000000,-0.593196,-0.593196,0.000000
723,571.000000,0.035247,0.035247,0.000000,0.093217,0.093217,0.000000
724,308.000000,0.019012,0.019012,0.000000,-0.241712,-0.241712,0.000000
725,232.000000,0.014321,0.014321,0.000000,-0.338497,-0.338497,0.000000
726,38.000000,0.002346,0.002346,0.000000,-0.585555,-0.585555,0.000000
727,16.000000,0.000988,0.000988,0.000000,-0.613572,-0.613572,0.000000
728,404.000000,0.024938,0.024938,0.000000,-0.119457,-0.119457,0.000000
729,204.000000,0.012593,0.012593,0.000000,-0.374155,-0.374155,0.000000
730,55.000000,0.003395,0.003395,0.000000,-0.563905,-0.563905,0.000000
731,117.000000,0.007222,0.007222,0.000000,-0.484949,-0.484949,0.000000
732,861.000000,0.053148,0.053148,0.000000,0.462529,0.462529,0.000000
733,40.000000,0.002469,0.002469,0.000000,-0.583008,-0.583008,0.000000
734,6.000000,0.000370,0.000370,0.000000,-0.626306,-0.626306,0.000000
735,5.000000,0.000309,0.000309,0.000000,-0.627580,-0.627580,0.000000
736,460.000000,0.028395,0.028395,0.000000,-0.048141,-0.048141,0.000000
737,310.000000,0.019136,0.019136,0.000000,-0.239165,-0.239165,0.000000
738,566.000000,0.034938,0.034938,0.000000,0.086849,0.086849,0.000000
739,435.000000,0.026852,0.026852,0.000000,-0.079978,-0.079978,0.000000
740,2.000000,0.000123,0.000123,0.000000,-0.631400,-0.631400,0.000000
741,164.000000,0.010123,0.010123,0.000000,-0.425095,-0.425095,0.000000
742,93.000000,0.005741,0.005741,0.000000,-0.515513,-0.515513,0.000000
743,57.000000,0.003519,0.003519,0.000000,-0.561358,-0.561358,0.000000
744,308.000000,0.019012,0.019012,0.000000,-0.241712,-0.241712,0.000000
745,387.000000,0.023889,0.023889,0.000000,-0.141106,-0.141106,0.000000
746,76.000000,0.004691,0.004691,0.000000,-0.537162,-0.537162,0.000000
747,85.000000,0.005247,0.005247,0.000000,-0.525701,-0.525701,0.000000
748,542.000000,0.033457,0.033457,0.000000,0.056285,0.056285,0.000000
749,60.000000,0.003704,0.003704,0.000000,-0.557538,-0.557538,0.000000
750,75.000000,0.004630,0.004630,0.000000,-0.538436,-0.538436,0.000000
751,385.000000,0.023765,0.023765,0.000000,-0.143653,-0.143653,0.000000
752,31.000000,0.001914,0.001914,0.000000,-0.594469,-0.594469,0.000000
753,453.000000,0.027963,0.027963,0.000000,-0.057056,-0.057056,0.000000
754,2371.000000,0.146358,0.146358,0.000000,2.385502,2.385502,0.000000
755,225.000000,0.013889,0.013889,0.000000,-0.347412,-0.347412,0.000000
756,1538.000000,0.094938,0.094938,0.000000,1.324683,1.324683,0.000000
757,836.000000,0.051605,0.051605,0.000000,0.430692,0.430692,0.000000
758,476.000000,0.029383,0.029383,0.000000,-0.027765,-0.027765,0.000000
759,443.000000,0.027346,0.027346,0.000000,-0.069790,-0.069790,0.000000
760,446.000000,0.027531,0.027531,0.000000,-0.065970,-0.065970,0.000000
761,386.000000,0.023827,0.023827,0.000000,-0.142380,-0.142380,0.000000
762,460.000000,0.028395,0.028395,0.000000,-0.048141,-0.048141,0.000000
763,41.000000,0.002531,0.002531,0.000000,-0.581734,-0.581734,0.000000
764,198.000000,0.012222,0.012222,0.000000,-0.381796,-0.381796,0.000000
765,208.000000,0.012840,0.012840,0.000000,-0.369061,-0.369061,0.000000
766,265.000000,0.016358,0.016358,0.000000,-0.296472,-0.296472,0.000000
767,646.000000,0.039877,0.039877,0.000000,0.188728,0.188728,0.000000
768,150.000000,0.009259,0.009259,0.000000,-0.442924,-0.442924,0.000000
769,407.000000,0.025123,0.025123,0.000000,-0.115636,-0.115636,0.000000
770,437.000000,0.026975,0.026975,0.000000,-0.077431,-0.077431,0.000000
771,360.000000,0.022222,0.022222,0.000000,-0.175490,-0.175490,0.000000
772,46.000000,0.002840,0.002840,0.000000,-0.575367,-0.575367,0.000000
773,51.000000,0.003148,0.003148,0.000000,-0.568999,-0.568999,0.000000
774,172.000000,0.010617,0.010617,0.000000,-0.414907,-0.414907,0.000000
775,85.000000,0.005247,0.005247,0.000000,-0.525701,-0.525701,0.000000
776,227.000000,0.014012,0.014012,0.000000,-0.344865,-0.344865,0.000000
777,163.000000,0.010062,0.010062,0.000000,-0.426368,-0.426368,0.000000
778,270.000000,0.016667,0.016667,0.000000,-0.290105,-0.290105,0.000000
779,357.000000,0.022037,0.022037,0.000000,-0.179311,-0.179311,0.000000
780,1541.000000,0.095123,0.095123,0.000000,1.328504,1.328504,0.000000
781,155.000000,0.009568,0.009568,0.000000,-0.436556,-0.436556,0.000000
782,682.000000,0.042099,0.042099,0.000000,0.234574,0.234574,0.000000
783,152.000000,0.009383,0.009383,0.000000,-0.440377,-0.440377,0.000000
784,177.000000,0.010926,0.010926,0.000000,-0.408539,-0.408539,0.000000
785,221.000000,0.013642,0.013642,0.000000,-0.352506,-0.352506,0.000000
786,52.000000,0.003210,0.003210,0.000000,-0.567726,-0.567726,0.000000
787,48.000000,0.002963,0.002963,0.000000,-0.572820,-0.572820,0.000000
788,414.000000,0.025556,0.025556,0.000000,-0.106722,-0.106722,0.000000
789,848.000000,0.052346,0.052346,0.000000,0.445974,0.445974,0.000000
790,121.000000,0.007469,0.007469,0.000000,-0.479855,-0.479855,0.000000
791,11.000000,0.000679,0.000679,0.000000,-0.619939,-0.619939,0.000000
792,251.000000,0.015494,0.015494,0.000000,-0.314301,-0.314301,0.000000
793,169.000000,0.010432,0.010432,0.000000,-0.418727,-0.418727,0.000000
794,54.000000,0.003333,0.003333,0.000000,-0.565179,-0.565179,0.000000
795,13.000000,0.000802,0.000802,0.000000,-0.617392,-0.617392,0.000000
796,2100.000000,0.129630,0.129630,0.000000,2.040386,2.040386,0.000000
797,309.000000,0.019074,0.019074,0.000000,-0.240438,-0.240438,0.000000
798,615.000000,0.037963,0.037963,0.000000,0.149250,0.149250,0.000000
799,203.000000,0.012531,0.012531,0.000000,-0.375429,-0.375429,0.000000
800,1124.000000,0.069383,0.069383,0.000000,0.797458,0.797458,0.000000
801,138.000000,0.008519,0.008519,0.000000,-0.458206,-0.458206,0.000000
802,99.000000,0.006111,0.006111,0.000000,-0.507872,-0.507872,0.000000
803,140.000000,0.008642,0.008642,0.000000,-0.455659,-0.455659,0.000000
804,463.000000,0.028580,0.028580,0.000000,-0.044321,-0.044321,0.000000
805,55.000000,0.003395,0.003395,0.000000,-0.563905,-0.563905,0.000000
806,429.000000,0.026481,0.026481,0.000000,-0.087619,-0.087619,0.000000
807,30.000000,0.001852,0.001852,0.000000,-0.595743,-0.595743,0.000000
808,302.000000,0.018642,0.018642,0.000000,-0.249353,-0.249353,0.000000
809,157.000000,0.009691,0.009691,0.000000,-0.434009,-0.434009,0.000000
810,57.000000,0.003519,0.003519,0.000000,-0.561358,-0.561358,0.000000
811,269.000000,0.016605,0.016605,0.000000,-0.291378,-0.291378,0.000000
812,256.000000,0.015802,0.015802,0.000000,-0.307933,-0.307933,0.000000
813,231.000000,0.014259,0.014259,0.000000,-0.339771,-0.339771,0.000000
814,45.000000,0.002778,0.002778,0.000000,-0.576640,-0.576640,0.000000
815,28.000000,0.001728,0.001728,0.000000,-0.598290,-0.598290,0.000000
816,295.000000,0.018210,0.018210,0.000000,-0.258267,-0.258267,0.000000
817,487.000000,0.030062,0.030062,0.000000,-0.013757,-0.013757,0.000000
818,148.000000,0.009136,0.009136,0.000000,-0.445471,-0.445471,0.000000
819,325.000000,0.020062,0.020062,0.000000,-0.220063,-0.220063,0.000000
820,154.000000,0.009506,0.009506,0.000000,-0.437830,-0.437830,0.000000
821,23.000000,0.001420,0.001420,0.000000,-0.604657,-0.604657,0.000000
822,39.000000,0.002407,0.002407,0.000000,-0.584281,-0.584281,0.000000
823,123.000000,0.007593,0.007593,0.000000,-0.477308,-0.477308,0.000000
824,765.000000,0.047222,0.047222,0.000000,0.340274,0.340274,0.000000
825,446.000000,0.027531,0.027531,0.000000,-0.065970,-0.065970,0.000000
826,1036.000000,0.063951,0.063951,0.000000,0.685390,0.685390,0.000000
827,881.000000,0.054383,0.054383,0.000000,0.487999,0.487999,0.000000
828,1995.000000,0.123148,0.123148,0.000000,1.906669,1.906669,0.000000
829,443.000000,0.027346,0.027346,0.000000,-0.069790,-0.069790,0.000000
830,208.000000,0.012840,0.012840,0.000000,-0.369061,-0.369061,0.000000
831,76.000000,0.004691,0.004691,0.000000,-0.537162,-0.537162,0.000000
832,245.000000,0.015123,0.015123,0.000000,-0.321942,-0.321942,0.000000
833,494.000000,0.030494,0.030494,0.000000,-0.004842,-0.004842,0.000000
834,420.000000,0.025926,0.025926,0.000000,-0.099081,-0.099081,0.000000
835,26.000000,0.001605,0.001605,0.000000,-0.600837,-0.600837,0.000000
836,118.000000,0.007284,0.007284,0.000000,-0.483675,-0.483675,0.000000
837,211.000000,0.013025,0.013025,0.000000,-0.365241,-0.365241,0.000000
838,145.000000,0.008951,0.008951,0.000000,-0.449291,-0.449291,0.000000
839,27.000000,0.001667,0.001667,0.000000,-0.599563,-0.599563,0.000000
840,482.000000,0.029753,0.029753,0.000000,-0.020124,-0.020124,0.000000
841,18.000000,0.001111,0.001111,0.000000,-0.611025,-0.611025,0.000000
842,86.000000,0.005309,0.005309,0.000000,-0.524427,-0.524427,0.000000
843,26.000000,0.001605,0.001605,0.000000,-0.600837,-0.600837,0.000000
844,13.000000,0.000802,0.000802,0.000000,-0.617392,-0.617392,0.000000
845,18.000000,0.001111,0.001111,0.000000,-0.611025,-0.611025,0.000000
846,370.000000,0.022840,0.022840,0.000000,-0.162755,-0.162755,0.000000
847,9.000000,0.000556,0.000556,0.000000,-0.622486,-0.622486,0.000000
848,409.000000,0.025247,0.025247,0.000000,-0.113089,-0.113089,0.000000
849,73.000000,0.004506,0.004506,0.000000,-0.540983,-0.540983,0.000000
850,248.000000,0.015309,0.015309,0.000000,-0.318121,-0.318121,0.000000
851,541.000000,0.033395,0.033395,0.000000,0.055012,0.055012,0.000000
852,295.000000,0.018210,0.018210,0.000000,-0.258267,-0.258267,0.000000
853,162.000000,0.010000,0.010000,0.000000,-0.427642,-0.427642,0.000000
854,84.000000,0.005185,0.005185,0.000000,-0.526974,-0.526974,0.000000
855,133.000000,0.008210,0.008210,0.000000,-0.464573,-0.464573,0.000000
856,90.000000,0.005556,0.005556,0.000000,-0.519333,-0.519333,0.000000
857,153.000000,0.009444,0.009444,0.000000,-0.439103,-0.439103,0.000000
858,73.000000,0.004506,0.004506,0.000000,-0.540983,-0.540983,0.000000
859,36.000000,0.002222,0.002222,0.000000,-0.588102,-0.588102,0.000000
860,21.000000,0.001296,0.001296,0.000000,-0.607204,-0.607204,0.000000
861,2323.000000,0.143395,0.143395,0.000000,2.324375,2.324375,0.000000
862,155.000000,0.009568,0.009568,0.000000,-0.436556,-0.436556,0.000000
863,186.000000,0.011481,0.011481,0.000000,-0.397078,-0.397078,0.000000
864,608.000000,0.037531,0.037531,0.000000,0.140336,0.140336,0.000000
865,71.000000,0.004383,0.004383,0.000000,-0.543530,-0.543530,0.000000
866,69.000000,0.004259,0.004259,0.000000,-0.546076,-0.546076,0.000000
867,229.000000,0.014136,0.014136,0.000000,-0.342318,-0.342318,0.000000
868,337.000000,0.020802,0.020802,0.000000,-0.204781,-0.204781,0.000000
869,35.000000,0.002160,0.002160,0.000000,-0.589375,-0.589375,0.000000
870,70.000000,0.004321,0.004321,0.000000,-0.544803,-0.544803,0.000000
871,132.000000,0.008148,0.008148,0.000000,-0.465846,-0.465846,0.000000
872,178.000000,0.010988,0.010988,0.000000,-0.407266,-0.407266,0.000000
873,154.000000,0.009506,0.009506,0.000000,-0.437830,-0.437830,0.000000
874,638.000000,0.039383,0.039383,0.000000,0.178540,0.178540,0.000000
875,150.000000,0.009259,0.009259,0.000000,-0.442924,-0.442924,0.000000
876,30.000000,0.001852,0.001852,0.000000,-0.595743,-0.595743,0.000000
877,46.000000,0.002840,0.002840,0.000000,-0.575367,-0.575367,0.000000
878,80.000000,0.004938,0.004938,0.000000,-0.532068,-0.532068,0.000000
879,68.000000,0.004198,0.004198,0.000000,-0.547350,-0.547350,0.000000
880,238.000000,0.014691,0.014691,0.000000,-0.330856,-0.330856,0.000000
881,3532.000000,0.218025,0.218025,0.000000,3.864027,3.864027,0.000000
882,1454.000000,0.089753,0.089753,0.000000,1.217710,1.217710,0.000000
883,1055.000000,0.065123,0.065123,0.000000,0.709587,0.709587,0.000000
884,2414.000000,0.149012,0.149012,0.000000,2.440262,2.440262,0.000000
885,101.000000,0.006235,0.006235,0.000000,-0.505325,-0.505325,0.000000
886,17.000000,0.001049,0.001049,0.000000,-0.612298,-0.612298,0.000000
887,170.000000,0.010494,0.010494,0.000000,-0.417454,-0.417454,0.000000
888,710.000000,0.043827,0.043827,0.000000,0.270232,0.270232,0.000000
889,167.000000,0.010309,0.010309,0.000000,-0.421274,-0.421274,0.000000
890,413.000000,0.025494,0.025494,0.000000,-0.107995,-0.107995,0.000000
891,48.000000,0.002963,0.002963,0.000000,-0.572820,-0.572820,0.000000
892,349.000000,0.021543,0.021543,0.000000,-0.189499,-0.189499,0.000000
893,460.000000,0.028395,0.028395,0.000000,-0.048141,-0.048141,0.000000
894,201.000000,0.012407,0.012407,0.000000,-0.377976,-0.377976,0.000000
895,295.000000,0.018210,0.018210,0.000000,-0.258267,-0.258267,0.000000
896,96.000000,0.005926,0.005926,0.000000,-0.511692,-0.511692,0.000000
897,28.000000,0.001728,0.001728,0.000000,-0.598290,-0.598290,0.000000
898,1234.000000,0.076173,0.076173,0.000000,0.937542,0.937542,0.000000
899,178.000000,0.010988,0.010988,0.000000,-0.407266,-0.407266,0.000000
900,896.000000,0.055309,0.055309,0.000000,0.507101,0.507101,0.000000
901,201.000000,0.012407,0.012407,0.000000,-0.377976,-0.377976,0.000000
902,452.000000,0.027901,0.027901,0.000000,-0.058329,-0.058329,0.000000
903,58.000000,0.003580,0.003580,0.000000,-0.560085,-0.560085,0.000000
904,129.000000,0.007963,0.007963,0.000000,-0.469667,-0.469667,0.000000
905,236.000000,0.014568,0.014568,0.000000,-0.333403,-0.333403,0.000000
906,85.000000,0.005247,0.005247,0.000000,-0.525701,-0.525701,0.000000
907,877.000000,0.054136,0.054136,0.000000,0.482905,0.482905,0.000000
908,59.000000,0.003642,0.003642,0.000000,-0.558811,-0.558811,0.000000
909,125.000000,0.007716,0.007716,0.000000,-0.474761,-0.474761,0.000000
910,662.000000,0.040864,0.040864,0.000000,0.209104,0.209104,0.000000
911,64.000000,0.003951,0.003951,0.000000,-0.552444,-0.552444,0.000000
912,45.000000,0.002778,0.002778,0.000000,-0.576640,-0.576640,0.000000
913,344.000000,0.021235,0.021235,0.000000,-0.195866,-0.195866,0.000000
914,124.000000,0.007654,0.007654,0.000000,-0.476034,-0.476034,0.000000
915,31.000000,0.001914,0.001914,0.000000,-0.594469,-0.594469,0.000000
916,258.000000,0.015926,0.015926,0.000000,-0.305386,-0.305386,0.000000
917,99.000000,0.006111,0.006111,0.000000,-0.507872,-0.507872,0.000000
918,10.000000,0.000617,0.000617,0.000000,-0.621213,-0.621213,0.000000
919,105.000000,0.006481,0.006481,0.000000,-0.500231,-0.500231,0.000000
920,895.000000,0.055247,0.055247,0.000000,0.505828,0.505828,0.000000
921,895.000000,0.055247,0.055247,0.000000,0.505828,0.505828,0.000000
922,362.000000,0.022346,0.022346,0.000000,-0.172943,-0.172943,0.000000
923,10.000000,0.000617,0.000617,0.000000,-0.621213,-0.621213,0.000000
924,109.000000,0.006728,0.006728,0.000000,-0.495137,-0.495137,0.000000
925,70.000000,0.004321,0.004321,0.000000,-0.544803,-0.544803,0.000000
926,520.000000,0.032099,0.032099,0.000000,0.028268,0.028268,0.000000
927,359.000000,0.022160,0.022160,0.000000,-0.176764,-0.176764,0.000000
928,102.000000,0.006296,0.006296,0.000000,-0.504051,-0.504051,0.000000
929,1672.000000,0.103210,0.103210,0.000000,1.495331,1.495331,0.000000
930,264.000000,0.016296,0.016296,0.000000,-0.297746,-0.297746,0.000000
931,214.000000,0.013210,0.013210,0.000000,-0.361420,-0.361420,0.000000
932,176.000000,0.010864,0.010864,0.000000,-0.409813,-0.409813,0.000000
933,205.000000,0.012654,0.012654,0.000000,-0.372882,-0.372882,0.000000
934,345.000000,0.021296,0.021296,0.000000,-0.194593,-0.194593,0.000000
935,646.000000,0.039877,0.039877,0.000000,0.188728,0.188728,0.000000
936,29.000000,0.001790,0.001790,0.000000,-0.597016,-0.597016,0.000000
937,54.000000,0.003333,0.003333,0.000000,-0.565179,-0.565179,0.000000
938,616.000000,0.038025,0.038025,0.000000,0.150524,0.150524,0.000000
939,125.000000,0.007716,0.007716,0.000000,-0.474761,-0.474761,0.000000
940,17.000000,0.001049,0.001049,0.000000,-0.612298,-0.612298,0.000000
941,11.000000,0.000679,0.000679,0.000000,-0.619939,-0.619939,0.000000
942,620.000000,0.038272,0.038272,0.000000,0.155618,0.155618,0.000000
943,516.000000,0.031852,0.031852,0.000000,0.023174,0.023174,0.000000
944,97.000000,0.005988,0.005988,0.000000,-0.510419,-0.510419,0.000000
945,30.000000,0.001852,0.001852,0.000000,-0.595743,-0.595743,0.000000
946,405.000000,0.025000,0.025000,0.000000,-0.118183,-0.118183,0.000000
947,270.000000,0.016667,0.016667,0.000000,-0.290105,-0.290105,0.000000
948,41.000000,0.002531,0.002531,0.000000,-0.581734,-0.581734,0.000000
949,64.000000,0.003951,0.003951,0.000000,-0.552444,-0.552444,0.000000
950,252.000000,0.015556,0.015556,0.000000,-0.313027,-0.313027,0.000000
951,16.000000,0.000988,0.000988,0.000000,-0.613572,-0.613572,0.000000
952,7.000000,0.000432,0.000432,0.000000,-0.625033,-0.625033,0.000000
953,203.000000,0.012531,0.012531,0.000000,-0.375429,-0.375429,0.000000
954,190.000000,0.011728,0.011728,0.000000,-0.391984,-0.391984,0.000000
955,127.000000,0.007840,0.007840,0.000000,-0.472214,-0.472214,0.000000
956,177.000000,0.010926,0.010926,0.000000,-0.408539,-0.408539,0.000000
957,137.000000,0.008457,0.008457,0.000000,-0.459479,-0.459479,0.000000
958,15.000000,0.000926,0.000926,0.000000,-0.614845,-0.614845,0.000000
959,285.000000,0.017593,0.017593,0.000000,-0.271002,-0.271002,0.000000
960,199.000000,0.012284,0.012284,0.000000,-0.380523,-0.380523,0.000000
961,220.000000,0.013580,0.013580,0.000000,-0.353779,-0.353779,0.000000
962,157.000000,0.009691,0.009691,0.000000,-0.434009,-0.434009,0.000000
963,47.000000,0.002901,0.002901,0.000000,-0.574093,-0.574093,0.000000
964,7.000000,0.000432,0.000432,0.000000,-0.625033,-0.625033,0.000000
965,1110.000000,0.068519,0.068519,0.000000,0.779629,0.779629,0.000000
966,235.000000,0.014506,0.014506,0.000000,-0.334677,-0.334677,0.000000
967,99.000000,0.006111,0.006111,0.000000,-0.507872,-0.507872,0.000000
968,194.000000,0.011975,0.011975,0.000000,-0.386890,-0.386890,0.000000
969,27.000000,0.001667,0.001667,0.000000,-0.599563,-0.599563,0.000000
970,721.000000,0.044506,0.044506,0.000000,0.284240,0.284240,0.000000
971,546.000000,0.033704,0.033704,0.000000,0.061379,0.061379,0.000000
972,568.000000,0.035062,0.035062,0.000000,0.089396,0.089396,0.000000
973,829.000000,0.051173,0.051173,0.000000,0.421777,0.421777,0.000000
974,568.000000,0.035062,0.035062,0.000000,0.089396,0.089396,0.000000
975,412.000000,0.025432,0.025432,0.000000,-0.109269,-0.109269,0.000000
976,294.000000,0.018148,0.018148,0.000000,-0.259541,-0.259541,0.000000
977,527.000000,0.032531,0.032531,0.000000,0.037183,0.037183,0.000000
978,199.000000,0.012284,0.012284,0.000000,-0.380523,-0.380523,0.000000
979,65.000000,0.004012,0.004012,0.000000,-0.551170,-0.551170,0.000000
980,88.000000,0.005432,0.005432,0.000000,-0.521880,-0.521880,0.000000
981,88.000000,0.005432,0.005432,0.000000,-0.521880,-0.521880,0.000000
982,342.000000,0.021111,0.021111,0.000000,-0.198413,-0.198413,0.000000
983,160.000000,0.009877,0.009877,0.000000,-0.430189,-0.430189,0.000000
984,180.000000,0.011111,0.011111,0.000000,-0.404719,-0.404719,0.000000
985,621.000000,0.038333,0.038333,0.000000,0.156891,0.156891,0.000000
986,88.000000,0.005432,0.005432,0.000000,-0.521880,-0.521880,0.000000
987,39.000000,0.002407,0.002407,0.000000,-0.584281,-0.584281,0.000000
988,45.000000,0.002778,0.002778,0.000000,-0.576640,-0.576640,0.000000
989,68.000000,0.004198,0.004198,0.000000,-0.547350,-0.547350,0.000000
990,157.000000,0.009691,0.009691,0.000000,-0.434009,-0.434009,0.000000
991,24.000000,0.001481,0.001481,0.000000,-0.603384,-0.603384,0.000000
992,25.000000,0.001543,0.001543,0.000000,-0.602110,-0.602110,0.000000
993,562.000000,0.034691,0.034691,0.000000,0.081755,0.081755,0.000000
994,38.000000,0.002346,0.002346,0.000000,-0.585555,-0.585555,0.000000
995,19.000000,0.001173,0.001173,0.000000,-0.609751,-0.609751,0.000000
996,69.000000,0.004259,0.004259,0.000000,-0.546076,-0.546076,0.000000
997,59.000000,0.003642,0.003642,0.000000,-0.558811,-0.558811,0.000000
998,402.000000,0.024815,0.024815,0.000000,-0.122004,-0.122004,0.000000
999,72.000000,0.004444,0.004444,0.000000,-0.542256,-0.542256,0.000000
1000,230.000000,0.014198,0.014198,0.000000,-0.341044,-0.341044,0.000000
1001,30.000000,0.001852,0.001852,0.000000,-0.595743,-0.595743,0.000000
1002,501.000000,0.030926,0.030926,0.000000,0.004072,0.004072,0.000000
1003,26.000000,0.001605,0.001605,0.000000,-0.600837,-0.600837,0.000000
1004,150.000000,0.009259,0.009259,0.000000,-0.442924,-0.442924,0.000000
1005,54.000000,0.003333,0.003333,0.000000,-0.565179,-0.565179,0.000000
1006,5.000000,0.000309,0.000309,0.000000,-0.627580,-0.627580,0.000000
1007,589.000000,0.036358,0.036358,0.000000,0.116139,0.116139,0.000000
1008,29.000000,0.001790,0.001790,0.000000,-0.597016,-0.597016,0.000000
1009,112.000000,0.006914,0.006914,0.000000,-0.491316,-0.491316,0.000000
1010,26.000000,0.001605,0.001605,0.000000,-0.600837,-0.600837,0.000000
1011,134.000000,0.008272,0.008272,0.000000,-0.463300,-0.463300,0.000000
1012,1659.000000,0.102407,0.102407,0.000000,1.478776,1.478776,0.000000
1013,282.000000,0.017407,0.017407,0.000000,-0.274823,-0.274823,0.000000
1014,60.000000,0.003704,0.003704,0.000000,-0.557538,-0.557538,0.000000
1015,228.000000,0.014074,0.014074,0.000000,-0.343591,-0.343591,0.000000
1016,8.000000,0.000494,0.000494,0.000000,-0.623760,-0.623760,0.000000
1017,62.000000,0.003827,0.003827,0.000000,-0.554991,-0.554991,0.000000
1018,268.000000,0.016543,0.016543,0.000000,-0.292652,-0.292652,0.000000
1019,0.000000,0.000000,0.000000,0.000000,-0.633947,-0.633947,0.000000
1020,19.000000,0.001173,0.001173,0.000000,-0.609751,-0.609751,0.000000
1021,49.000000,0.003025,0.003025,0.000000,-0.571546,-0.571546,0.000000
1022,67.000000,0.004136,0.004136,0.000000,-0.548623,-0.548623,0.000000
1023,110.000000,0.006790,0.006790,0.000000,-0.493863,-0.493863,0.000000
1024,35.000000,0.002160,0.002160,0.000000,-0.589375,-0.589375,0.000000
1025,6.000000,0.000370,0.000370,0.000000,-0.626306,-0.626306,0.000000
1026,26.000000,0.001605,0.001605,0.000000,-0.600837,-0.600837,0.000000
1027,438.000000,0.027037,0.027037,0.000000,-0.076158,-0.076158,0.000000
1028,52.000000,0.003210,0.003210,0.000000,-0.567726,-0.567726,0.000000
1029,41.000000,0.002531,0.002531,0.000000,-0.581734,-0.581734,0.000000
1030,10.000000,0.000617,0.000617,0.000000,-0.621213,-0.621213,0.000000
1031,6.000000,0.000370,0.000370,0.000000,-0.626306,-0.626306,0.000000
1032,32.000000,0.001975,0.001975,0.000000,-0.593196,-0.593196,0.000000
1033,2.000000,0.000123,0.000123,0.000000,-0.631400,-0.631400,0.000000
1034,68.000000,0.004198,0.004198,0.000000,-0.547350,-0.547350,0.000000
1035,29.000000,0.001790,0.001790,0.000000,-0.597016,-0.597016,0.000000
1036,231.000000,0.014259,0.014259,0.000000,-0.339771,-0.339771,0.000000
1037,12.000000,0.000741,0.000741,0.000000,-0.618666,-0.618666,0.000000
1038,78.000000,0.004815,0.004815,0.000000,-0.534615,-0.534615,0.000000
1039,13.000000,0.000802,0.000802,0.000000,-0.617392,-0.617392,0.000000
1040,127.000000,0.007840,0.007840,0.000000,-0.472214,-0.472214,0.000000
1041,6.000000,0.000370,0.000370,0.000000,-0.626306,-0.626306,0.000000
1042,86.000000,0.005309,0.005309,0.000000,-0.524427,-0.524427,0.000000
1043,69.000000,0.004259,0.004259,0.000000,-0.546076,-0.546076,0.000000
1044,17.000000,0.001049,0.001049,0.000000,-0.612298,-0.612298,0.000000
1045,8.000000,0.000494,0.000494,0.000000,-0.623760,-0.623760,0.000000
1046,12.000000,0.000741,0.000741,0.000000,-0.618666,-0.618666,0.000000
1047,183.000000,0.011296,0.011296,0.000000,-0.400898,-0.400898,0.000000
1048,611.000000,0.037716,0.037716,0.000000,0.144156,0.144156,0.000000
1049,21.000000,0.001296,0.001296,0.000000,-0.607204,-0.607204,0.000000
1050,481.000000,0.029691,0.029691,0.000000,-0.021398,-0.021398,0.000000
1051,22.000000,0.001358,0.001358,0.000000,-0.605931,-0.605931,0.000000
1052,39.000000,0.002407,0.002407,0.000000,-0.584281,-0.584281,0.000000
1053,7.000000,0.000432,0.000432,0.000000,-0.625033,-0.625033,0.000000
1054,3.000000,0.000185,0.000185,0.000000,-0.630127,-0.630127,0.000000
1055,5.000000,0.000309,0.000309,0.000000,-0.627580,-0.627580,0.000000
1056,8.000000,0.000494,0.000494,0.000000,-0.623760,-0.623760,0.000000
1057,4.000000,0.000247,0.000247,0.000000,-0.628853,-0.628853,0.000000
1058,0.000000,0.000000,0.000000,0.000000,-0.633947,-0.633947,0.000000
1059,56.000000,0.003457,0.003457,0.000000,-0.562632,-0.562632,0.000000
1060,66.000000,0.004074,0.004074,0.000000,-0.549897,-0.549897,0.000000
1061,38.000000,0.002346,0.002346,0.000000,-0.585555,-0.585555,0.000000
1062,1.000000,0.000062,0.000062,0.000000,-0.632674,-0.632674,0.000000
1063,11.000000,0.000679,0.000679,0.000000,-0.619939,-0.619939,0.000000
1064,5.000000,0.000309,0.000309,0.000000,-0.627580,-0.627580,0.000000
1065,36.000000,0.002222,0.002222,0.000000,-0.588102,-0.588102,0.000000
1066,20.000000,0.001235,0.001235,0.000000,-0.608478,-0.608478,0.000000
1067,364.000000,0.022469,0.022469,0.000000,-0.170396,-0.170396,0.000000
